{"fusion_core_mode": {"mode": 1}, "app_bme280": {"valid": 0, "temperature_degC": -27.590275532020343, "humidity_pct": -16.253050013996884, "pressure_hPa": 96.61959247778435, "altitude_m": -79.60157653970586}, "app_bno055": {"valid": 1, "accel_x_mss": 66.75089184288348, "accel_y_mss": -46.650142792536855, "accel_z_mss": 29.583986762710936, "mag_x_uT": -48.31374084932827, "mag_y_uT": 79.03693745748379, "mag_z_uT": 96.75703027159912, "gyro_x_degs": -80.03812981901382, "gyro_y_degs": -84.50411533635507, "gyro_z_degs": -2.9114038916586225, "orient_x_deg": -17.79669815852978, "orient_y_deg": 63.17737795036436, "orient_z_deg": -23.360633846172135, "quaternion_w": 42.74378080384372, "quaternion_x": 22.16429935692348, "quaternion_y": 65.04822982621761, "quaternion_z": 12.003131699369547, "mag_direction_deg": 40.993126937980776, "count": 0}, "app_current_L": {"valid": 1, "current_mA": 8.961394442335873, "voltage_V": 2.4560068484413335}, "app_current_R": {"valid": 0, "current_mA": 6.032598380596798, "voltage_V": 8.14383238690476}, "app_flight_pin": {"valid": 0, "connect": 1, "disconnect_count": 0}, "app_gnss": {"satellites": 4, "hdop": 2.95, "location_valid": 0, "latitude_deg": 35.771491, "longitude_deg": 139.86374, "time_ms": 239575000, "altitude_m": 124.2, "course_deg": 0.0, "speed_ms": 0.02}, "app_motor_L": {"throttle": 0.7097902341748703, "pwm_1_duty": 0.9508413047211857, "pwm_2_duty": 0.8076214025114027}, "app_motor_R": {"throttle": 0.20614509367989287, "pwm_1_duty": 0.8508350722187925, "pwm_2_duty": 0.7386440280931119}, "app_spresense": {"goal_detected": 0}, "app_simulator": {"mode": 0}, "app_release_detection": {"previous_altitude_m": -91.91365065569379, "descent_count": 0, "descent_count_threshold": 3, "altitude_m_threshold": 1.5}}